{"cameraMode":{"drawMode":0,"name":"Shaded","section":"Shading Mode"},"sceneLighting":true,"audioPlay":false,"sceneViewState":{"showFog":true,"showMaterialUpdate":false,"showSkybox":true,"showFlares":true,"showImageEffects":true,"showParticleSystems":true},"in2DMode":false,"pivot":{"x":-2.9049415588378908,"y":-4.402558326721191,"z":13.325334548950196},"rotation":{"x":-0.19678200781345368,"y":0.1281231790781021,"z":-0.02594653144478798,"w":-0.9717063903808594},"size":12.053573608398438,"orthographic":false}