{"cameraMode":{"drawMode":0,"name":"Shaded","section":"Shading Mode"},"sceneLighting":true,"audioPlay":false,"sceneViewState":{"showFog":true,"showMaterialUpdate":false,"showSkybox":true,"showFlares":true,"showImageEffects":true,"showParticleSystems":true},"in2DMode":false,"pivot":{"x":-5.282793998718262,"y":-5.9406890869140629,"z":11.765314102172852},"rotation":{"x":-0.2291780561208725,"y":0.18897639214992524,"z":-0.04540758952498436,"w":-0.9537967443466187},"size":15.533702850341797,"orthographic":false}