{"cameraMode":{"drawMode":0,"name":"Shaded","section":"Shading Mode"},"sceneLighting":true,"audioPlay":false,"sceneViewState":{"showFog":true,"showMaterialUpdate":false,"showSkybox":true,"showFlares":true,"showImageEffects":true,"showParticleSystems":true},"in2DMode":false,"pivot":{"x":-15.124141693115235,"y":-28.21643829345703,"z":5.130263328552246},"rotation":{"x":-0.15874144434928895,"y":0.7709128856658936,"z":-0.21112273633480073,"w":-0.5796268582344055},"size":26.749990463256837,"orthographic":false}