{"cameraMode":{"drawMode":0,"name":"Shaded","section":"Shading Mode"},"sceneLighting":true,"audioPlay":false,"sceneViewState":{"showFog":true,"showMaterialUpdate":false,"showSkybox":true,"showFlares":true,"showImageEffects":true,"showParticleSystems":true},"in2DMode":false,"pivot":{"x":-6.416214942932129,"y":2.2329540252685549,"z":-0.22777196764945985},"rotation":{"x":-0.05581066384911537,"y":0.9441981911659241,"z":-0.23137086629867555,"w":-0.22775889933109284},"size":27.78868865966797,"orthographic":false}