{"cameraMode":{"drawMode":0,"name":"Shaded","section":"Shading Mode"},"sceneLighting":true,"audioPlay":false,"sceneViewState":{"showFog":true,"showMaterialUpdate":false,"showSkybox":true,"showFlares":true,"showImageEffects":true,"showParticleSystems":true},"in2DMode":false,"pivot":{"x":-9.532583236694336,"y":-17.720325469970704,"z":23.78607177734375},"rotation":{"x":-0.24625343084335328,"y":0.12087122350931168,"z":-0.0309643242508173,"w":-0.9611583948135376},"size":32.61893081665039,"orthographic":false}