{"cameraMode":{"drawMode":0,"name":"Shaded","section":"Shading Mode"},"sceneLighting":true,"audioPlay":false,"sceneViewState":{"showFog":true,"showMaterialUpdate":false,"showSkybox":true,"showFlares":true,"showImageEffects":true,"showParticleSystems":true},"in2DMode":false,"pivot":{"x":67.17472076416016,"y":-45.051639556884769,"z":18.952516555786134},"rotation":{"x":-0.2473125457763672,"y":-0.5505588054656982,"z":0.17502029240131379,"w":-0.7779016494750977},"size":44.175296783447269,"orthographic":false}